{
    "best_parameters": {
        "pivot": 19,
        "sl_mult": 1.3801991924252592,
        "tp_mult": 4.9112938194674385,
        "ote": 0.7124200629311328,
        "tf_filter": "4h"
    },
    "summary_train": {
        "trades": 94,
        "wins": 30,
        "losses": 50,
        "closed_no_hit": 14,
        "win_rate_pct": 37.5,
        "net_pnl_dollars": 7162.440144398437,
        "days_triggered": 92,
        "flash_trades": 6
    },
    "summary_test": {
        "trades": 39,
        "wins": 12,
        "losses": 16,
        "closed_no_hit": 11,
        "win_rate_pct": 42.857142857142854,
        "net_pnl_dollars": 3728.298450764453,
        "days_triggered": 39,
        "flash_trades": 9
    }
}